compound_id,smiles,standard_smiles,fld_rnd,fld_scf,fld_clt
CID000,FC(F)Oc1ccc(-c2nnc3cncc(-n4cc(-c5ccccc5)nn4)n23)cc1,FC(F)Oc1ccc(-c2nnc3cncc(-n4cc(-c5ccccc5)nn4)n23)cc1,3.0,1.0,0
CID001,O=C(Nc1ccc(F)cc1)c1cncc2nnc(-c3ccc(OC(F)F)cc3)n12,O=C(Nc1ccc(F)cc1)c1cncc2nnc(-c3ccc(OC(F)F)cc3)n12,0.0,1.0,4
CID002,O=S(=O)(Cc1ccc(C(F)(F)F)cc1)Nc1cncc2nnc(-c3ccc(OC(F)F)cc3)n12,O=S(=O)(Cc1ccc(C(F)(F)F)cc1)Nc1cncc2nnc(-c3ccc(OC(F)F)cc3)n12,3.0,3.0,0
CID003,FS(F)(F)(F)(F)c1ccc(-c2nnc3cncc(OCCc4ccccc4)n23)cc1,FS(F)(F)(F)(F)c1ccc(-c2nnc3cncc(OCCc4ccccc4)n23)cc1,2.0,0.0,2
CID004,FC(F)Oc1ccc(-c2nnc3cncc(OCCN4CC5(COC5)C4)n23)cc1,FC(F)Oc1ccc(-c2nnc3cncc(OCCN4CC5(COC5)C4)n23)cc1,2.0,1.0,0
CID005,FC(F)OC(C=C1)=CC=C1C2=NN=C3C=NC=C(OCCCCCO)N32,OCCCCCOc1cncc2nnc(-c3ccc(OC(F)F)cc3)n12,0.0,2.0,0
CID006,CC(=O)N1CCC(c2nnc3cncc(OCCc4ccc(F)c(F)c4)n23)CC1,CC(=O)N1CCC(c2nnc3cncc(OCCc4ccc(F)c(F)c4)n23)CC1,0.0,4.0,2
CID007,FC(OC1=CC=C(C2=NN=C3C=NC=C(N32)OCC[C]4[CH]BBBBBBBBBB4)C=C1)F,FC(F)Oc1ccc(-c2nnc3cncc(OCC[C]4BBBBBBBBBB[CH]4)n23)cc1,1.0,2.0,0
CID008,FC(F)Oc1ccc(-c2nnc3cncc(OCCc4ccccc4)n23)cc1,FC(F)Oc1ccc(-c2nnc3cncc(OCCc4ccccc4)n23)cc1,1.0,0.0,0
CID009,Cc1nn(-c2ccc(F)cc2)c(C)c1-c1nnc2cncc(Oc3ccc(Cl)c(Cl)c3)n12,Cc1nn(-c2ccc(F)cc2)c(C)c1-c1nnc2cncc(Oc3ccc(Cl)c(Cl)c3)n12,2.0,3.0,0
CID010,COc1ccc(C(CO)COc2cncc3nnc(-c4ccc(OC(F)F)cc4)n23)cc1,COc1ccc(C(CO)COc2cncc3nnc(-c4ccc(OC(F)F)cc4)n23)cc1,1.0,0.0,0
CID011,FC(F)Oc1ccc(-c2nnc3n2CCNC3)cc1,FC(F)Oc1ccc(-c2nnc3n2CCNC3)cc1,2.0,3.0,0
CID012,IC(C=C1)=CC=C1C2=NN=C3C=NC=C(OCCC4=CC(F)=C(F)C=C4)N32,Fc1ccc(CCOc2cncc3nnc(-c4ccc(I)cc4)n23)cc1F,0.0,0.0,2
CID013,COc1ccccc1C(CO)COc1cncc2nnc(-c3ccc(OC(F)F)cc3)n12,COc1ccccc1C(CO)COc1cncc2nnc(-c3ccc(OC(F)F)cc3)n12,2.0,0.0,0
CID014,Cc1noc2cc(Oc3cncc4nnc(-c5ccc(OC(F)F)cc5)n34)ccc12,Cc1noc2cc(Oc3cncc4nnc(-c5ccc(OC(F)F)cc5)n34)ccc12,1.0,4.0,0
CID015,CS(=O)(=O)c1ccc(-c2nnc3cncc(OCCc4ccc(F)c(F)c4)n23)cc1,CS(=O)(=O)c1ccc(-c2nnc3cncc(OCCc4ccc(F)c(F)c4)n23)cc1,4.0,0.0,2
CID016,OCC(O)(COc1cncc2nnc(-c3ccc(OC(F)F)cc3)n12)c1ccccc1,OCC(O)(COc1cncc2nnc(-c3ccc(OC(F)F)cc3)n12)c1ccccc1,0.0,0.0,0
CID017,CC1(C)OCC(COc2cncc3nnc(-c4ccc(OC(F)F)cc4)n23)(c2ccccc2)CO1,CC1(C)OCC(COc2cncc3nnc(-c4ccc(OC(F)F)cc4)n23)(c2ccccc2)CO1,0.0,1.0,0
CID018,O=C(NCc1cc(Cl)ccc1Cl)c1cncc2nnc(-c3ccc(OC(F)F)cc3)n12,O=C(NCc1cc(Cl)ccc1Cl)c1cncc2nnc(-c3ccc(OC(F)F)cc3)n12,4.0,3.0,4
CID019,CS(=O)(=O)c1ccc(-c2nnc3cncc(OCCc4ccc(F)cc4)n23)cc1,CS(=O)(=O)c1ccc(-c2nnc3cncc(OCCc4ccc(F)cc4)n23)cc1,2.0,0.0,2
CID020,Fc1ccc(CCOc2cncc3nnc(-c4cccc5c4OCO5)n23)cc1F,Fc1ccc(CCOc2cncc3nnc(-c4cccc5c4OCO5)n23)cc1F,2.0,4.0,2
CID021,CC(C)(C)c1ccc(-c2nnc3cncc(OCCc4ccccc4)n23)cc1,CC(C)(C)c1ccc(-c2nnc3cncc(OCCc4ccccc4)n23)cc1,4.0,0.0,2
CID022,NS(=O)(=O)c1ccc(-c2nnc3cncc(OCCc4ccc(F)c(F)c4)n23)cc1,NS(=O)(=O)c1ccc(-c2nnc3cncc(OCCc4ccc(F)c(F)c4)n23)cc1,1.0,0.0,2
CID023,Nc1ccc(-c2nnc3cncc(OCCc4ccc(F)c(F)c4)n23)cc1,Nc1ccc(-c2nnc3cncc(OCCc4ccc(F)c(F)c4)n23)cc1,4.0,0.0,2
CID024,Clc1ccc(-c2nnc3cncc(OCC45CC6CC(CC(C6)C4)C5)n23)cc1,Clc1ccc(-c2nnc3cncc(OCC45CC6CC(CC(C6)C4)C5)n23)cc1,2.0,2.0,2
CID025,Fc1ccc(-c2nnc3cncc(OCCc4ccccc4)n23)cc1,Fc1ccc(-c2nnc3cncc(OCCc4ccccc4)n23)cc1,1.0,0.0,2
CID026,N#Cc1ccc(C=NNc2cccc(C(=O)Nc3ccnc(C(F)(F)F)c3)n2)cc1,N#Cc1ccc(C=NNc2cccc(C(=O)Nc3ccnc(C(F)(F)F)c3)n2)cc1,2.0,2.0,4
CID027,CC(O)(COc1cncc2nnc(-c3ccc(OC(F)F)cc3)n12)c1ccc(F)c(F)c1,CC(O)(COc1cncc2nnc(-c3ccc(OC(F)F)cc3)n12)c1ccc(F)c(F)c1,0.0,0.0,1
CID028,FC(F)Oc1ccc(-c2nnc3cncc(Oc4ccc(C(F)(F)F)cc4)n23)cc1,FC(F)Oc1ccc(-c2nnc3cncc(Oc4ccc(C(F)(F)F)cc4)n23)cc1,2.0,4.0,0
CID029,FC(F)Oc1ccc(-c2nnc3cncc(OCC4CC5CC4C4OC54)n23)cc1,FC(F)Oc1ccc(-c2nnc3cncc(OCC4CC5CC4C4OC54)n23)cc1,0.0,3.0,0
CID030,O=C(Nc1ccc(F)c(Cl)c1)c1cncc2nnc(-c3ccc(OC(F)F)cc3)n12,O=C(Nc1ccc(F)c(Cl)c1)c1cncc2nnc(-c3ccc(OC(F)F)cc3)n12,2.0,1.0,4
CID031,CN(C)c1ccc(C(O)(CO)COc2cncc3nnc(-c4ccc(OC(F)F)cc4)n23)cc1,CN(C)c1ccc(C(O)(CO)COc2cncc3nnc(-c4ccc(OC(F)F)cc4)n23)cc1,1.0,0.0,0
CID032,Fc1ccc(CCOc2cncc3nnc(-c4ccccc4)n23)cc1F,Fc1ccc(CCOc2cncc3nnc(-c4ccccc4)n23)cc1F,3.0,0.0,2
CID033,Fc1ccc(CCOc2cncc3nnc(Br)n23)cc1F,Fc1ccc(CCOc2cncc3nnc(Br)n23)cc1F,4.0,1.0,2
CID034,O=C(c1cncc2nnc(-c3ccc(OC(F)F)cc3)n12)N1CCN(c2ccccn2)CC1,O=C(c1cncc2nnc(-c3ccc(OC(F)F)cc3)n12)N1CCN(c2ccccn2)CC1,3.0,4.0,4
CID035,Fc1ccc(CCOc2cncc3nnc(-c4ccc(OC(F)F)cc4)n23)cc1F,Fc1ccc(CCOc2cncc3nnc(-c4ccc(OC(F)F)cc4)n23)cc1F,1.0,0.0,1
CID036,FC(F)Oc1ccc(-c2nnc3cncc(OCCC4C5C6CC7C8C6CC5C8C47)n23)cc1,FC(F)Oc1ccc(-c2nnc3cncc(OCCC4C5C6CC7C8C6CC5C8C47)n23)cc1,1.0,1.0,0
CID037,CC(C)(C)OC(=O)N1CCC(c2nnc3cncc(OCCc4ccccc4)n23)C1,CC(C)(C)OC(=O)N1CCC(c2nnc3cncc(OCCc4ccccc4)n23)C1,4.0,3.0,2
CID038,FC(F)Oc1ccc(-c2nnc3cncc(Nc4ccc(Cl)c(Cl)c4)n23)cc1,FC(F)Oc1ccc(-c2nnc3cncc(Nc4ccc(Cl)c(Cl)c4)n23)cc1,4.0,2.0,0
CID039,Fc1ccc(CCOc2cncc3nnc(Nc4ccc(F)c(F)c4)n23)cc1F,Fc1ccc(CCOc2cncc3nnc(Nc4ccc(F)c(F)c4)n23)cc1F,0.0,3.0,2
CID040,CN1CCN(c2nnc3cncc(OCCc4ccc(F)c(F)c4)n23)CC1,CN1CCN(c2nnc3cncc(OCCc4ccc(F)c(F)c4)n23)CC1,3.0,4.0,2
CID041,Fc1ccc(CCOc2cncc3nnc(N4CCOCC4)n23)cc1F,Fc1ccc(CCOc2cncc3nnc(N4CCOCC4)n23)cc1F,2.0,1.0,2
CID042,NC(COc1cncc2nnc(-c3ccc(OC(F)F)cc3)n12)c1ccc(F)c(F)c1,NC(COc1cncc2nnc(-c3ccc(OC(F)F)cc3)n12)c1ccc(F)c(F)c1,4.0,0.0,1
CID043,FC(F)Oc1ccc(-c2nnc3cncc(OCCOc4ccccc4)n23)cc1,FC(F)Oc1ccc(-c2nnc3cncc(OCCOc4ccccc4)n23)cc1,0.0,2.0,0
CID044,Fc1ccc(CCOc2cncc3nnc(OCCc4ccc(F)c(F)c4)n23)cc1F,Fc1ccc(CCOc2cncc3nnc(OCCc4ccc(F)c(F)c4)n23)cc1F,1.0,3.0,2
CID045,Nc1cc(-c2nnc3cncc(OCCc4ccc(F)c(F)c4)n23)ccc1Cl,Nc1cc(-c2nnc3cncc(OCCc4ccc(F)c(F)c4)n23)ccc1Cl,2.0,0.0,2
CID046,Fc1ccc(CCOc2nccn3c(-n4cccn4)nnc23)cc1F,Fc1ccc(CCOc2nccn3c(-n4cccn4)nnc23)cc1F,4.0,4.0,3
CID047,Fc1ccc(CCOc2cncc3nnc(-c4ccc5cn[nH]c5c4)n23)cc1F,Fc1ccc(CCOc2cncc3nnc(-c4ccc5cn[nH]c5c4)n23)cc1F,0.0,1.0,2
CID048,c1ccc(CCOc2cncc3nnc(C4CCNC4)n23)cc1,c1ccc(CCOc2cncc3nnc(C4CCNC4)n23)cc1,4.0,3.0,2
CID049,Fc1ccc(COc2cn3c(-c4ccc(OC(F)F)cc4)nnc3cn2)cc1F,Fc1ccc(COc2cn3c(-c4ccc(OC(F)F)cc4)nnc3cn2)cc1F,0.0,2.0,1
CID050,Fc1ccc(OC2CN(c3cncc4nnc(-c5ccc(OC(F)F)cc5)n34)C2)cc1F,Fc1ccc(OC2CN(c3cncc4nnc(-c5ccc(OC(F)F)cc5)n34)C2)cc1F,2.0,3.0,1
CID051,FC(F)Oc1ccc(-c2nnc3cncc(N4CCC(c5ccccc5)C4)n23)cc1,FC(F)Oc1ccc(-c2nnc3cncc(N4CCC(c5ccccc5)C4)n23)cc1,3.0,4.0,0
CID052,O=C(NCc1cccc(C(F)(F)F)c1Cl)c1cncc2nnc(-c3ccc(OC(F)F)cc3)n12,O=C(NCc1cccc(C(F)(F)F)c1Cl)c1cncc2nnc(-c3ccc(OC(F)F)cc3)n12,2.0,3.0,4
CID053,Cn1ncc2ccc(Oc3cncc4nnc(-c5ccc(OC(F)F)cc5)n34)cc21,Cn1ncc2ccc(Oc3cncc4nnc(-c5ccc(OC(F)F)cc5)n34)cc21,1.0,1.0,0
CID054,FC(F)Oc1ccc(-c2nnc3cncc(OCCN4CCCCC4)n23)cc1,FC(F)Oc1ccc(-c2nnc3cncc(OCCN4CCCCC4)n23)cc1,4.0,2.0,0
CID055,O=C(NC1CCc2cc(Cl)ccc21)c1cncc2nnc(-c3ccc(OC(F)F)cc3)n12,O=C(NC1CCc2cc(Cl)ccc21)c1cncc2nnc(-c3ccc(OC(F)F)cc3)n12,4.0,3.0,4
CID056,O=C(Nc1cc(C(F)(F)F)cc(C(F)(F)F)c1)c1cncc2nnc(-c3ccc(OC(F)F)cc3)n12,O=C(Nc1cc(C(F)(F)F)cc(C(F)(F)F)c1)c1cncc2nnc(-c3ccc(OC(F)F)cc3)n12,0.0,1.0,4
CID057,OCc1ccc(COc2cncc3nnc(-c4ccc(OC(F)F)cc4)n23)cc1,OCc1ccc(COc2cncc3nnc(-c4ccc(OC(F)F)cc4)n23)cc1,4.0,3.0,0
CID058,Oc1nccn2c(-c3ccc(OC(F)F)cc3)nnc12,Oc1nccn2c(-c3ccc(OC(F)F)cc3)nnc12,1.0,2.0,3
CID059,OC(COc1cncc2nnc(-c3ccc(OC(F)F)cc3)n12)c1ccc(F)c(F)c1,OC(COc1cncc2nnc(-c3ccc(OC(F)F)cc3)n12)c1ccc(F)c(F)c1,4.0,0.0,1
CID060,OCC(COc1cncc2nnc(-c3ccc(OC(F)F)cc3)n12)c1cccc(O)c1,OCC(COc1cncc2nnc(-c3ccc(OC(F)F)cc3)n12)c1cccc(O)c1,2.0,0.0,0
CID061,COc1cc(OC)c(-c2nnc3c(O)nccn23)c(OC)c1,COc1cc(OC)c(-c2nnc3c(O)nccn23)c(OC)c1,0.0,2.0,3
CID062,O=C1C(Oc2cncc3nnc(-c4ccc(OC(F)F)cc4)n23)C(c2ccc(F)c(F)c2)N1C1CC1,O=C1C(Oc2cncc3nnc(-c4ccc(OC(F)F)cc4)n23)C(c2ccc(F)c(F)c2)N1C1CC1,4.0,4.0,1
CID063,COc1ccc(C(COc2cncc3nnc(-c4ccc(OC(F)F)cc4)n23)C(=O)O)cc1,COc1ccc(C(COc2cncc3nnc(-c4ccc(OC(F)F)cc4)n23)C(=O)O)cc1,1.0,0.0,0
CID064,NCc1cccc(CCOc2cncc3nnc(-c4ccc(Cl)cc4)n23)c1,NCc1cccc(CCOc2cncc3nnc(-c4ccc(Cl)cc4)n23)c1,4.0,0.0,2
CID065,c1ccc(CCNc2nccn3c(-c4ccccc4)nnc23)cc1,c1ccc(CCNc2nccn3c(-c4ccccc4)nnc23)cc1,2.0,2.0,3
CID066,Clc1ccccc1-c1nnc2cncc(OCCc3ccccc3)n12,Clc1ccccc1-c1nnc2cncc(OCCc3ccccc3)n12,4.0,0.0,2
CID067,Fc1ccc(C(F)COc2cncc3nnc(-c4ccc(OC(F)F)cc4)n23)cc1F,Fc1ccc(C(F)COc2cncc3nnc(-c4ccc(OC(F)F)cc4)n23)cc1F,3.0,0.0,1
CID068,CCN(C)C(COc1cncc2nnc(-c3ccc(OC(F)F)cc3)n12)c1ccc(F)c(F)c1,CCN(C)C(COc1cncc2nnc(-c3ccc(OC(F)F)cc3)n12)c1ccc(F)c(F)c1,4.0,0.0,1
CID069,Fc1ccc(-c2cnn(-c3cncc4nnc(-c5ccc(OC(F)F)cc5)n34)c2)cc1F,Fc1ccc(-c2cnn(-c3cncc4nnc(-c5ccc(OC(F)F)cc5)n34)c2)cc1F,2.0,1.0,1
CID070,Fc1ccc(CCOc2cncc3nnc(N4CCC(F)CC4)n23)cc1F,Fc1ccc(CCOc2cncc3nnc(N4CCC(F)CC4)n23)cc1F,1.0,2.0,2
CID071,c1ccc(CCOc2cncc3nnc(-c4ccccc4)n23)cc1,c1ccc(CCOc2cncc3nnc(-c4ccccc4)n23)cc1,0.0,0.0,2
CID072,Fc1cc(F)cc(-c2nnc3cncc(OCCc4ccccc4)n23)c1,Fc1cc(F)cc(-c2nnc3cncc(OCCc4ccccc4)n23)c1,3.0,0.0,2
CID073,CN(C)C(COc1cncc2nnc(-c3ccc(OC(F)F)cc3)n12)c1ccc(F)c(F)c1,CN(C)C(COc1cncc2nnc(-c3ccc(OC(F)F)cc3)n12)c1ccc(F)c(F)c1,0.0,0.0,1
CID074,CC(=O)Nc1cccc(-c2nnc3cncc(OCCc4ccc(F)c(F)c4)n23)c1,CC(=O)Nc1cccc(-c2nnc3cncc(OCCc4ccc(F)c(F)c4)n23)c1,3.0,0.0,2
CID075,O=C(Cc1cccc(Cl)c1)Nc1cn2c(-c3ccc(OC(F)F)cc3)nnc2cn1,O=C(Cc1cccc(Cl)c1)Nc1cn2c(-c3ccc(OC(F)F)cc3)nnc2cn1,1.0,2.0,4
CID076,CC(C)(C)Oc1ccc(-c2nnc3cncc(OCC(O)c4ccc(F)c(F)c4)n23)cc1,CC(C)(C)Oc1ccc(-c2nnc3cncc(OCC(O)c4ccc(F)c(F)c4)n23)cc1,3.0,0.0,1
CID077,Fc1ccc(CCOc2cncc3nnc(-c4ccc(C(F)(F)F)nc4)n23)cc1F,Fc1ccc(CCOc2cncc3nnc(-c4ccc(C(F)(F)F)nc4)n23)cc1F,0.0,2.0,2
CID078,c1ccc(CCOc2cncc3nnc(C4CCNCC4)n23)cc1,c1ccc(CCOc2cncc3nnc(C4CCNCC4)n23)cc1,4.0,4.0,2
CID079,O=S(Cc1ccccc1)c1cncc2nnc(-c3ccc(OC(F)F)cc3)n12,[O-][S+](Cc1ccccc1)c1cncc2nnc(-c3ccc(OC(F)F)cc3)n12,2.0,3.0,0
CID080,N#Cc1ccc(-c2nnc3cncc(OCCc4ccc(F)c(F)c4)n23)cc1,N#Cc1ccc(-c2nnc3cncc(OCCc4ccc(F)c(F)c4)n23)cc1,0.0,0.0,2
CID081,COc1cccc(OC)c1-c1nnc2cncc(OCCc3ccccc3)n12,COc1cccc(OC)c1-c1nnc2cncc(OCCc3ccccc3)n12,4.0,0.0,2
CID082,FC(F)Oc1ccc(-c2nnc3cncc(SCc4ccccc4)n23)cc1,FC(F)Oc1ccc(-c2nnc3cncc(SCc4ccccc4)n23)cc1,3.0,4.0,0
CID083,Cc1nn(-c2ccc(F)cc2)c(C)c1-c1nnc2cncc(OCC(F)(F)F)n12,Cc1nn(-c2ccc(F)cc2)c(C)c1-c1nnc2cncc(OCC(F)(F)F)n12,0.0,1.0,2
CID084,FC(F)Oc1ccc(-c2nnc3cncc(Oc4ccc5ccccc5c4)n23)cc1,FC(F)Oc1ccc(-c2nnc3cncc(Oc4ccc5ccccc5c4)n23)cc1,0.0,4.0,0
CID085,O=C(Nc1cccc(Cl)c1)c1cncc2nnc(-c3cccnc3)n12,O=C(Nc1cccc(Cl)c1)c1cncc2nnc(-c3cccnc3)n12,1.0,2.0,4
CID086,FC(F)Oc1ccc(-c2nnc3cncc(CCCc4ccccc4)n23)cc1,FC(F)Oc1ccc(-c2nnc3cncc(CCCc4ccccc4)n23)cc1,4.0,4.0,0
CID087,OCC(COc1cncc2nnc(-c3ccc(OC(F)F)cc3)n12)c1ccccc1,OCC(COc1cncc2nnc(-c3ccc(OC(F)F)cc3)n12)c1ccccc1,2.0,0.0,0
CID088,O=[N+]([O-])c1ccc(-c2nnc3c(OCCc4ccccc4)nccn23)cc1,O=[N+]([O-])c1ccc(-c2nnc3c(OCCc4ccccc4)nccn23)cc1,1.0,4.0,3
CID089,CC(C)(C)c1ccc(Oc2cncc3nnc(-c4ccc(OC(F)F)cc4)n23)cc1,CC(C)(C)c1ccc(Oc2cncc3nnc(-c4ccc(OC(F)F)cc4)n23)cc1,2.0,4.0,0
CID090,N#Cc1ccc(-c2nnc3cncc(OCCc4ccccc4Cl)n23)cc1,N#Cc1ccc(-c2nnc3cncc(OCCc4ccccc4Cl)n23)cc1,1.0,0.0,2
CID091,Clc1ccc(-c2nnc3cncc(OCC4CC5C=CC4C5)n23)c(Cl)c1,Clc1ccc(-c2nnc3cncc(OCC4CC5C=CC4C5)n23)c(Cl)c1,4.0,3.0,2
CID092,Cc1ccc(-c2nnc3cncc(OCCc4ccccc4)n23)cc1,Cc1ccc(-c2nnc3cncc(OCCc4ccccc4)n23)cc1,2.0,0.0,2
CID093,FC(F)Oc1ccc(-c2nnc3cncc(OCc4ccc(Cl)c(Cl)c4)n23)cc1,FC(F)Oc1ccc(-c2nnc3cncc(OCc4ccc(Cl)c(Cl)c4)n23)cc1,2.0,3.0,0
CID094,c1ccc(CCOc2nnc3c(N4CCCCC4)nccn23)cc1,c1ccc(CCOc2nnc3c(N4CCCCC4)nccn23)cc1,3.0,3.0,3
CID095,FC(F)Oc1ccc(-c2nnc3cncc(Oc4cccc(Oc5ccccn5)c4)n23)cc1,FC(F)Oc1ccc(-c2nnc3cncc(Oc4cccc(Oc5ccccn5)c4)n23)cc1,0.0,4.0,0
CID096,COc1ccc(-c2nnc3cncc(C(=O)Nc4cccc(Cl)c4F)n23)cc1,COc1ccc(-c2nnc3cncc(C(=O)Nc4cccc(Cl)c4F)n23)cc1,1.0,1.0,4
CID097,c1ccc(COc2cncc3nnc(-c4ccc5c(c4)OCO5)n23)nc1,c1ccc(COc2cncc3nnc(-c4ccc5c(c4)OCO5)n23)nc1,4.0,1.0,2
CID098,CCc1ccc(-c2nnc3cncc(OCCc4ccc(F)c(F)c4)n23)cc1,CCc1ccc(-c2nnc3cncc(OCCc4ccc(F)c(F)c4)n23)cc1,3.0,0.0,2
CID099,CCOc1ccccc1-c1nnc2c(OCCc3ccccc3)nccn12,CCOc1ccccc1-c1nnc2c(OCCc3ccccc3)nccn12,0.0,4.0,3
CID100,FC(F)Oc1ccc(-c2nnc3cncc(OCc4ccccc4)n23)cc1,FC(F)Oc1ccc(-c2nnc3cncc(OCc4ccccc4)n23)cc1,1.0,3.0,0
CID101,CNC(COc1cncc2nnc(-c3ccc(OC(F)F)cc3)n12)c1ccc(F)c(F)c1,CNC(COc1cncc2nnc(-c3ccc(OC(F)F)cc3)n12)c1ccc(F)c(F)c1,3.0,0.0,1
CID102,CC(Oc1cncc2nnc(-c3ccc(OC(F)F)cc3)n12)c1ccc(C#N)cc1,CC(Oc1cncc2nnc(-c3ccc(OC(F)F)cc3)n12)c1ccc(C#N)cc1,1.0,3.0,0
CID103,Fc1cc(F)c2ccc(Oc3cncc4nnc(-c5ccc(OC(F)F)cc5)n34)cc2c1,Fc1cc(F)c2ccc(Oc3cncc4nnc(-c5ccc(OC(F)F)cc5)n34)cc2c1,0.0,4.0,0
CID104,CC(=O)Nc1ccc(-c2nnc3cncc(OCCc4ccc(F)c(F)c4)n23)cc1,CC(=O)Nc1ccc(-c2nnc3cncc(OCCc4ccc(F)c(F)c4)n23)cc1,2.0,0.0,2
CID105,O=[N+]([O-])c1ccc(-c2nnc3c(NCCc4ccccc4)nccn23)cc1,O=[N+]([O-])c1ccc(-c2nnc3c(NCCc4ccccc4)nccn23)cc1,3.0,2.0,3
CID106,FC(F)Oc1ccc(-c2nnc3cncc(Oc4ccc5nc(C(F)(F)F)ncc5c4)n23)cc1,FC(F)Oc1ccc(-c2nnc3cncc(Oc4ccc5nc(C(F)(F)F)ncc5c4)n23)cc1,1.0,2.0,0
CID107,CC1(C)C2CC=C(CCOc3cncc4nnc(-c5ccc(Cl)cc5Cl)n34)C1C2,CC1(C)C2CC=C(CCOc3cncc4nnc(-c5ccc(Cl)cc5Cl)n34)C1C2,0.0,2.0,2
CID108,FC(F)Oc1ccc(-c2nnc3cncc(OCCc4cccc(OCc5ccccc5)c4)n23)cc1,FC(F)Oc1ccc(-c2nnc3cncc(OCCc4cccc(OCc5ccccc5)c4)n23)cc1,1.0,1.0,0
CID109,FC(F)Oc1ccc(-c2nnc3cncc(Oc4ccc(Cl)cc4)n23)cc1,FC(F)Oc1ccc(-c2nnc3cncc(Oc4ccc(Cl)cc4)n23)cc1,3.0,4.0,0
CID110,c1ccc(CCOc2cncc3nnc(C4CCOCC4)n23)cc1,c1ccc(CCOc2cncc3nnc(C4CCOCC4)n23)cc1,4.0,3.0,2
CID111,Fc1ccc(Nc2cn3c(-c4ccc(OC(F)F)cc4)nnc3cn2)cc1F,Fc1ccc(Nc2cn3c(-c4ccc(OC(F)F)cc4)nnc3cn2)cc1F,2.0,3.0,1
CID112,O=C(COc1cncc2nnc(-c3ccc(OC(F)F)cc3)n12)c1ccccc1,O=C(COc1cncc2nnc(-c3ccc(OC(F)F)cc3)n12)c1ccccc1,0.0,2.0,0
CID113,FC(F)Oc1ccc(-c2nnc3cncc(Oc4ccc(S(F)(F)(F)(F)F)cc4)n23)cc1,FC(F)Oc1ccc(-c2nnc3cncc(Oc4ccc(S(F)(F)(F)(F)F)cc4)n23)cc1,3.0,4.0,0
CID114,OC(CNc1cncc2nnc(-c3ccc(OC(F)F)cc3)n12)c1ccccc1,OC(CNc1cncc2nnc(-c3ccc(OC(F)F)cc3)n12)c1ccccc1,1.0,4.0,0
CID115,N#Cc1ccc(-c2nnc3cncc(OCCc4ccccc4)n23)cc1,N#Cc1ccc(-c2nnc3cncc(OCCc4ccccc4)n23)cc1,2.0,0.0,2
CID116,FC(OC1=CC=C(C2=NN=C3C=NC=C(N32)OCC[C]4BB[CH]BBBBBBBB4)C=C1)F,FC(F)Oc1ccc(-c2nnc3cncc(OCC[C]4BBBBBBBB[CH]BB4)n23)cc1,3.0,4.0,0
CID117,FC(F)Oc1ccc(-c2nnc3cncc(OCc4ccccn4)n23)cc1,FC(F)Oc1ccc(-c2nnc3cncc(OCc4ccccn4)n23)cc1,3.0,1.0,0
CID118,CC(NC(=O)c1cncc2nnc(-c3ccc(OC(F)F)cc3)n12)c1ccccc1,CC(NC(=O)c1cncc2nnc(-c3ccc(OC(F)F)cc3)n12)c1ccccc1,4.0,3.0,4
CID119,O=C(Nc1cccc(Cl)c1)c1cncc2nnc(-c3ccccn3)n12,O=C(Nc1cccc(Cl)c1)c1cncc2nnc(-c3ccccn3)n12,3.0,1.0,4
CID120,COc1cncc2nnc(-c3ccc(OC(F)F)cc3)n12,COc1cncc2nnc(-c3ccc(OC(F)F)cc3)n12,4.0,2.0,0
CID121,CC(C)(C)OC(=O)NC(COc1cncc2nnc(-c3ccc(OC(F)F)cc3)n12)Cc1ccccc1,CC(C)(C)OC(=O)NC(COc1cncc2nnc(-c3ccc(OC(F)F)cc3)n12)Cc1ccccc1,1.0,1.0,0
CID122,O=C(Nc1ccc(Cl)cc1)c1c[nH]c(=O)c2nnc(-c3ccc(OC(F)F)cc3)n12,O=C(Nc1ccc(Cl)cc1)c1c[nH]c(=O)c2nnc(-c3ccc(OC(F)F)cc3)n12,0.0,2.0,4
CID123,OCC(COc1cncc2nnc(-c3ccc(OC(F)F)cc3)n12)c1cccc(C(F)(F)F)c1,OCC(COc1cncc2nnc(-c3ccc(OC(F)F)cc3)n12)c1cccc(C(F)(F)F)c1,2.0,0.0,0
CID124,c1ccc(CCSc2nccn3c(-c4ccccc4)nnc23)cc1,c1ccc(CCSc2nccn3c(-c4ccccc4)nnc23)cc1,2.0,1.0,3
CID125,Cc1ccc(COc2cncc3nnc(-c4ccc(C(C)C)cc4)n23)cn1,Cc1ccc(COc2cncc3nnc(-c4ccc(C(C)C)cc4)n23)cn1,2.0,3.0,2
CID126,O=C(NCCN1CCOCC1)c1cncc2nnc(-c3ccc(OC(F)F)cc3)n12,O=C(NCCN1CCOCC1)c1cncc2nnc(-c3ccc(OC(F)F)cc3)n12,3.0,4.0,4
CID127,Cc1nn(-c2ccc(F)cc2)c(C)c1-c1nnc2cncc(C(=O)Nc3ccnc(C(F)(F)F)c3)n12,Cc1nn(-c2ccc(F)cc2)c(C)c1-c1nnc2cncc(C(=O)Nc3ccnc(C(F)(F)F)c3)n12,1.0,1.0,4
CID128,FC(F)Oc1ccc(-c2nnc3cncc(OCC45CC6CC(CC(C6)C4)C5)n23)cc1,FC(F)Oc1ccc(-c2nnc3cncc(OCC45CC6CC(CC(C6)C4)C5)n23)cc1,0.0,2.0,0
CID129,OCC(COc1cncc2nnc(-c3ccc(OC(F)F)cc3)n12)c1c(F)cc(F)cc1F,OCC(COc1cncc2nnc(-c3ccc(OC(F)F)cc3)n12)c1c(F)cc(F)cc1F,3.0,0.0,0
CID130,Fc1ccc(CCNc2cn3c(-c4ccc(OC(F)F)cc4)nnc3cn2)cc1,Fc1ccc(CCNc2cn3c(-c4ccc(OC(F)F)cc4)nnc3cn2)cc1,4.0,2.0,1
CID131,O=C(O)C(COc1cncc2nnc(-c3ccc(OC(F)F)cc3)n12)c1ccccc1,O=C(O)C(COc1cncc2nnc(-c3ccc(OC(F)F)cc3)n12)c1ccccc1,3.0,0.0,0
CID132,CC(Cc1ccccc1)Oc1cncc2nnc(-c3ccc(OC(F)F)cc3)n12,CC(Cc1ccccc1)Oc1cncc2nnc(-c3ccc(OC(F)F)cc3)n12,3.0,0.0,0
CID133,Fc1ccc(C2C(Oc3cncc4nnc(-c5ccc(OC(F)F)cc5)n34)CN2C2CC2)cc1F,Fc1ccc(C2C(Oc3cncc4nnc(-c5ccc(OC(F)F)cc5)n34)CN2C2CC2)cc1F,4.0,3.0,1
CID134,COc1ccc2ccc(Oc3cncc4nnc(-c5ccc(OC(F)F)cc5)n34)cc2n1,COc1ccc2ccc(Oc3cncc4nnc(-c5ccc(OC(F)F)cc5)n34)cc2n1,1.0,3.0,0
CID135,CC(C)(C)OC(=O)N1CCC(c2nnc3cncc(OCCc4ccccc4)n23)CC1,CC(C)(C)OC(=O)N1CCC(c2nnc3cncc(OCCc4ccccc4)n23)CC1,0.0,4.0,2
CID136,O=C(Nc1ccc(F)c(F)c1)c1cncc2nnc(-c3ccc(OC(F)F)cc3)n12,O=C(Nc1ccc(F)c(F)c1)c1cncc2nnc(-c3ccc(OC(F)F)cc3)n12,2.0,1.0,4
CID137,O=S(=O)(Cc1ccccc1)c1cncc2nnc(-c3ccc(OC(F)F)cc3)n12,O=S(=O)(Cc1ccccc1)c1cncc2nnc(-c3ccc(OC(F)F)cc3)n12,4.0,4.0,0
CID138,CC(=O)COc1nccn2c(-c3ccc(OC(F)F)cc3)nnc12,CC(=O)COc1nccn2c(-c3ccc(OC(F)F)cc3)nnc12,2.0,2.0,3
CID139,OC12C3C4C1C1C2C3C41CCOc1cncc2nnc(-c3ccc(OC(F)F)cc3)n12,OC12C3C4C1C1C2C3C41CCOc1cncc2nnc(-c3ccc(OC(F)F)cc3)n12,3.0,4.0,0
CID140,FC(F)Oc1ccc(-c2nnc3cncc(OCCCc4ccccc4)n23)cc1,FC(F)Oc1ccc(-c2nnc3cncc(OCCCc4ccccc4)n23)cc1,0.0,1.0,0
CID141,CN(Cc1cccc(Cl)c1)C(=O)c1cncc2nnc(-c3ccc(OC(F)F)cc3)n12,CN(Cc1cccc(Cl)c1)C(=O)c1cncc2nnc(-c3ccc(OC(F)F)cc3)n12,0.0,3.0,4
CID142,Fc1ccc(C2(C(Oc3cncc4nnc(-c5ccc(OC(F)F)cc5)n34)C(F)(F)F)CC2)cc1F,Fc1ccc(C2(C(Oc3cncc4nnc(-c5ccc(OC(F)F)cc5)n34)C(F)(F)F)CC2)cc1F,2.0,1.0,1
CID143,O=C(NCC1CCOCC1)c1cncc2nnc(-c3ccc(OC(F)F)cc3)n12,O=C(NCC1CCOCC1)c1cncc2nnc(-c3ccc(OC(F)F)cc3)n12,0.0,2.0,4
CID144,N#Cc1ccc(-c2nnc3cccc(C(=O)Nc4ccnc(C(F)(F)F)c4)n23)cc1,N#Cc1ccc(-c2nnc3cccc(C(=O)Nc4ccnc(C(F)(F)F)c4)n23)cc1,2.0,3.0,4
CID145,FC(F)Oc1ccc(-c2nnc3cncc(CN4Cc5ccccc5C4)n23)cc1,FC(F)Oc1ccc(-c2nnc3cncc(CN4Cc5ccccc5C4)n23)cc1,1.0,4.0,0
CID146,CCOc1ccccc1-c1nnc2cncc(OCCc3ccccc3)n12,CCOc1ccccc1-c1nnc2cncc(OCCc3ccccc3)n12,4.0,0.0,2
CID147,Fc1ccc(CCOc2cnc(Cl)c3nnc(-c4ccc(OC(F)F)cc4)n23)cc1F,Fc1ccc(CCOc2cnc(Cl)c3nnc(-c4ccc(OC(F)F)cc4)n23)cc1F,4.0,0.0,1
CID148,Fc1ccc(CCOc2cncc3nncn23)cc1F,Fc1ccc(CCOc2cncc3nncn23)cc1F,4.0,1.0,2
CID149,Fc1ccc(CCOc2cncc3nnc(-c4ccc5cc[nH]c5c4)n23)cc1F,Fc1ccc(CCOc2cncc3nnc(-c4ccc5cc[nH]c5c4)n23)cc1F,1.0,3.0,2
CID150,Fc1ccc(CCOc2cncc3nnc(-c4ccc(N5CCCC5)cc4)n23)cc1F,Fc1ccc(CCOc2cncc3nnc(-c4ccc(N5CCCC5)cc4)n23)cc1F,0.0,1.0,2
CID151,O=C(NCCc1ccccc1)c1cncc2nnc(-c3ccc(OC(F)F)cc3)n12,O=C(NCCc1ccccc1)c1cncc2nnc(-c3ccc(OC(F)F)cc3)n12,1.0,2.0,4
CID152,c1ccc(CCOc2cncc3nnc(-c4cccc5c4OCO5)n23)cc1,c1ccc(CCOc2cncc3nnc(-c4cccc5c4OCO5)n23)cc1,2.0,4.0,2
CID153,CN(C)C(COc1cncc2nnc(-c3ccc(C#N)cc3)n12)c1ccc(F)c(F)c1,CN(C)C(COc1cncc2nnc(-c3ccc(C#N)cc3)n12)c1ccc(F)c(F)c1,3.0,0.0,1
CID154,OCC(COc1cncc2nnc(-c3ccc(OC(F)F)cc3)n12)c1ccccc1OCc1ccccc1,OCC(COc1cncc2nnc(-c3ccc(OC(F)F)cc3)n12)c1ccccc1OCc1ccccc1,3.0,3.0,0
CID155,Fc1ccc(CCOc2cncc3nnc(N4CCCCC4)n23)cc1F,Fc1ccc(CCOc2cncc3nnc(N4CCCCC4)n23)cc1F,1.0,2.0,2
CID156,O=C1C(Oc2cn3c(-c4ccc(OC(F)F)cc4)nnc3cn2)C(c2ccc(F)c(F)c2)N1C1CC1,O=C1C(Oc2cn3c(-c4ccc(OC(F)F)cc4)nnc3cn2)C(c2ccc(F)c(F)c2)N1C1CC1,1.0,4.0,1
CID157,COc1ccc(-c2nnc3c(SCCc4ccccc4)nccn23)cc1,COc1ccc(-c2nnc3c(SCCc4ccccc4)nccn23)cc1,3.0,1.0,3
CID158,CC1(C)OCC(COc2cncc3nnc(-c4ccc(OC(F)F)cc4)n23)(c2ccccc2)O1,CC1(C)OCC(COc2cncc3nnc(-c4ccc(OC(F)F)cc4)n23)(c2ccccc2)O1,3.0,2.0,0
CID159,CN(C)c1cccc(-c2nnc3cncc(OCCc4ccc(F)c(F)c4)n23)c1,CN(C)c1cccc(-c2nnc3cncc(OCCc4ccc(F)c(F)c4)n23)c1,4.0,0.0,2
CID160,O=C1Cc2ccc(-c3nnc4cncc(OCCc5ccc(F)c(F)c5)n34)cc2N1,O=C1Cc2ccc(-c3nnc4cncc(OCCc5ccc(F)c(F)c5)n34)cc2N1,4.0,1.0,2
CID161,O=C(c1cncc2nnc(-c3ccc(OC(F)F)cc3)n12)N1CCCC1c1ccccc1,O=C(c1cncc2nnc(-c3ccc(OC(F)F)cc3)n12)N1CCCC1c1ccccc1,0.0,2.0,4
CID162,FC(F)Oc1ccc(-c2nnc3c(C(F)(F)F)ncc(OCCc4ccccc4)n23)cc1,FC(F)Oc1ccc(-c2nnc3c(C(F)(F)F)ncc(OCCc4ccccc4)n23)cc1,0.0,0.0,0
CID163,FC(F)Oc1ccc(-c2nnc3cncc(OCc4ccc(Cl)cc4)n23)cc1,FC(F)Oc1ccc(-c2nnc3cncc(OCc4ccc(Cl)cc4)n23)cc1,4.0,3.0,0
CID164,O=C(c1cncc2nnc(-c3ccc(OC(F)F)cc3)n12)N1Cc2ccccc2C1,O=C(c1cncc2nnc(-c3ccc(OC(F)F)cc3)n12)N1Cc2ccccc2C1,0.0,3.0,4
CID165,O=C(Nc1ccncc1)c1cncc2nnc(-c3ccccc3)n12,O=C(Nc1ccncc1)c1cncc2nnc(-c3ccccc3)n12,2.0,2.0,4
CID166,COc1ccc(-c2nnc3c(NCCc4ccccc4)nccn23)cc1,COc1ccc(-c2nnc3c(NCCc4ccccc4)nccn23)cc1,3.0,2.0,3
CID167,OCC(COc1cncc2nnc(-c3ccc(OC(F)F)cc3)n12)c1ccc(C(F)(F)F)cc1,OCC(COc1cncc2nnc(-c3ccc(OC(F)F)cc3)n12)c1ccc(C(F)(F)F)cc1,1.0,0.0,0
CID168,Fc1cc(F)cc(-c2nnc3cncc(OCc4ccccn4)n23)c1,Fc1cc(F)cc(-c2nnc3cncc(OCc4ccccn4)n23)c1,3.0,1.0,2
CID169,N#Cc1ccc(-c2nnc3cncc(NC(=O)Cc4ccc(F)c(F)c4)n23)cc1,N#Cc1ccc(-c2nnc3cncc(NC(=O)Cc4ccc(F)c(F)c4)n23)cc1,2.0,4.0,2
CID170,Fc1ccc(CCOc2cncc3nnc(C4CCOCC4)n23)cc1F,Fc1ccc(CCOc2cncc3nnc(C4CCOCC4)n23)cc1F,2.0,3.0,2
CID171,Nc1ncc(OCCc2ccc(F)c(F)c2)n2c(-c3ccc(OC(F)F)cc3)nnc12,Nc1ncc(OCCc2ccc(F)c(F)c2)n2c(-c3ccc(OC(F)F)cc3)nnc12,0.0,0.0,1
CID172,NC(COc1cncc2nnc(-c3ccc(OC(F)F)cc3)n12)Cc1ccccc1,NC(COc1cncc2nnc(-c3ccc(OC(F)F)cc3)n12)Cc1ccccc1,2.0,1.0,0
CID173,Fc1ccc(Oc2cn3c(-c4ccc(OC(F)F)cc4)nnc3cn2)cc1F,Fc1ccc(Oc2cn3c(-c4ccc(OC(F)F)cc4)nnc3cn2)cc1F,1.0,1.0,1
CID174,FC(F)Oc1ccc(-c2nnc3cncc(OCC4CCc5cc(Cl)ccc54)n23)cc1,FC(F)Oc1ccc(-c2nnc3cncc(OCC4CCc5cc(Cl)ccc54)n23)cc1,4.0,2.0,1
CID175,FC(F)Oc1ccc(-c2nnc3cncc(Oc4ccc(Cl)c(C(F)(F)F)c4)n23)cc1,FC(F)Oc1ccc(-c2nnc3cncc(Oc4ccc(Cl)c(C(F)(F)F)c4)n23)cc1,0.0,4.0,0
CID176,FC(F)Oc1ccc(-c2nnc3cncc(SCCc4ccccc4)n23)cc1,FC(F)Oc1ccc(-c2nnc3cncc(SCCc4ccccc4)n23)cc1,1.0,4.0,0
CID177,N#Cc1ccc(-c2nnc3cncc(NC(=O)CCc4ccc(F)c(F)c4)n23)cc1,N#Cc1ccc(-c2nnc3cncc(NC(=O)CCc4ccc(F)c(F)c4)n23)cc1,3.0,3.0,2
CID178,OC(COc1cncc2nnc(C3CCCCC3)n12)c1ccccc1,OC(COc1cncc2nnc(C3CCCCC3)n12)c1ccccc1,3.0,4.0,2
CID179,c1ccc(CCOc2cncc3nnc(C4CCOC4)n23)cc1,c1ccc(CCOc2cncc3nnc(C4CCOC4)n23)cc1,3.0,1.0,2
CID180,Nc1cccc(-c2nnc3cncc(OCCc4ccc(F)c(F)c4)n23)c1,Nc1cccc(-c2nnc3cncc(OCCc4ccc(F)c(F)c4)n23)c1,2.0,0.0,2
CID181,FC(F)Oc1ccc(-c2nnc3cncc(OCCc4ccco4)n23)cc1,FC(F)Oc1ccc(-c2nnc3cncc(OCCc4ccco4)n23)cc1,0.0,2.0,0
CID182,Fc1ccc(CCOc2cncc3nnc(C4CCCNC4)n23)cc1F,Fc1ccc(CCOc2cncc3nnc(C4CCCNC4)n23)cc1F,4.0,1.0,2
CID183,Fc1ccc(CCOc2cn3c(-c4ccc(OC(F)F)cc4)nnc3cn2)cc1F,Fc1ccc(CCOc2cn3c(-c4ccc(OC(F)F)cc4)nnc3cn2)cc1F,0.0,3.0,1
CID184,O=C(O)c1ccc(-c2nnc3cncc(OCCc4ccc(F)c(F)c4)n23)cc1,O=C(O)c1ccc(-c2nnc3cncc(OCCc4ccc(F)c(F)c4)n23)cc1,4.0,0.0,2
CID185,COC(COc1cncc2nnc(-c3ccc(C#N)cc3)n12)c1ccc(F)c(F)c1,COC(COc1cncc2nnc(-c3ccc(C#N)cc3)n12)c1ccc(F)c(F)c1,3.0,0.0,1
CID186,Fc1ccc(CCOc2cncc3nnc(OCc4cccnc4)n23)cc1F,Fc1ccc(CCOc2cncc3nnc(OCc4cccnc4)n23)cc1F,2.0,4.0,2
CID187,CC(F)(COc1cncc2nnc(-c3ccc(OC(F)F)cc3)n12)c1ccc(F)c(F)c1,CC(F)(COc1cncc2nnc(-c3ccc(OC(F)F)cc3)n12)c1ccc(F)c(F)c1,4.0,0.0,1
CID188,COc1ccc(CCNc2cncc3nnc(-c4ccc(OC(F)F)cc4)n23)cc1OC,COc1ccc(CCNc2cncc3nnc(-c4ccc(OC(F)F)cc4)n23)cc1OC,4.0,4.0,0
CID189,O=[N+]([O-])c1ccc(-c2nnc3cncc(OCCc4ccccc4)n23)cc1,O=[N+]([O-])c1ccc(-c2nnc3cncc(OCCc4ccccc4)n23)cc1,1.0,0.0,2
CID190,OCC(COc1cncc2nnc(-c3ccc(OC(F)F)cc3)n12)c1cc(F)c(F)cc1F,OCC(COc1cncc2nnc(-c3ccc(OC(F)F)cc3)n12)c1cc(F)c(F)cc1F,4.0,0.0,1
CID191,Clc1ccc(-c2nnc3cncc(OCCc4ccccc4)n23)cc1,Clc1ccc(-c2nnc3cncc(OCCc4ccccc4)n23)cc1,2.0,0.0,2
CID192,Fc1ccc(CCOc2cncc3nnc(-c4ccc5nc[nH]c5c4)n23)cc1F,Fc1ccc(CCOc2cncc3nnc(-c4ccc5nc[nH]c5c4)n23)cc1F,1.0,1.0,2
CID193,CN1CCN(C(=O)c2cccc(-c3nnc4cncc(OCCc5ccc(F)c(F)c5)n34)c2)CC1,CN1CCN(C(=O)c2cccc(-c3nnc4cncc(OCCc5ccc(F)c(F)c5)n34)c2)CC1,3.0,2.0,2
CID194,O=C(O)C(COc1cncc2nnc(-c3ccc(OC(F)F)cc3)n12)c1c(F)cc(F)cc1F,O=C(O)C(COc1cncc2nnc(-c3ccc(OC(F)F)cc3)n12)c1c(F)cc(F)cc1F,2.0,0.0,0
CID195,COc1ccc(-c2nnc3cncc(OCCc4ccccc4)n23)cc1,COc1ccc(-c2nnc3cncc(OCCc4ccccc4)n23)cc1,1.0,0.0,2
CID196,OCC(COc1nccn2c(-c3ccc(OC(F)F)cc3)nnc12)c1ccccc1,OCC(COc1nccn2c(-c3ccc(OC(F)F)cc3)nnc12)c1ccccc1,3.0,4.0,3
CID197,CN(C)C(=O)c1cccc(-c2nnc3cncc(OCCc4ccc(F)c(F)c4)n23)c1,CN(C)C(=O)c1cccc(-c2nnc3cncc(OCCc4ccc(F)c(F)c4)n23)c1,3.0,0.0,2
CID198,FC(F)Oc1ccc(-c2nnc3cncc(CCN4Cc5ccccc5C4)n23)cc1,FC(F)Oc1ccc(-c2nnc3cncc(CCN4Cc5ccccc5C4)n23)cc1,0.0,3.0,0
CID199,OCC(COc1cncc2nnc(-c3ccc(OC(F)F)cc3)n12)c1ccccc1F,OCC(COc1cncc2nnc(-c3ccc(OC(F)F)cc3)n12)c1ccccc1F,0.0,0.0,0
CID200,Fc1ccc(C2(COc3cncc4nnc(-c5ccc(OC(F)F)cc5)n34)COC2)cc1F,Fc1ccc(C2(COc3cncc4nnc(-c5ccc(OC(F)F)cc5)n34)COC2)cc1F,0.0,4.0,1
CID201,COc1ccc(-c2nnc3cncc(C(=O)Nc4cccc(Cl)c4C)n23)cc1,COc1ccc(-c2nnc3cncc(C(=O)Nc4cccc(Cl)c4C)n23)cc1,4.0,1.0,4
CID202,Fc1ccc(CCOc2cncc3nnc(-c4ccc5c(c4)NCC5)n23)cc1F,Fc1ccc(CCOc2cncc3nnc(-c4ccc5c(c4)NCC5)n23)cc1F,4.0,1.0,2
CID203,FC(F)Oc1ccc(-c2nnc3cncc(OCCC4COC4)n23)cc1,FC(F)Oc1ccc(-c2nnc3cncc(OCCC4COC4)n23)cc1,2.0,2.0,0
CID204,NC(COc1cncc2nnc(-c3ccc(OC(F)F)cc3)n12)c1ccccc1,NC(COc1cncc2nnc(-c3ccc(OC(F)F)cc3)n12)c1ccccc1,0.0,0.0,0
CID205,FC(F)Oc1ccc(-c2nnc3cncc(OCCc4cccs4)n23)cc1,FC(F)Oc1ccc(-c2nnc3cncc(OCCc4cccs4)n23)cc1,3.0,3.0,0
CID206,Fc1ccc(-c2nnc3cncc(OCCc4ccccc4)n23)cc1F,Fc1ccc(-c2nnc3cncc(OCCc4ccccc4)n23)cc1F,0.0,0.0,2
CID207,N#Cc1ccc(-c2nnc3cncc(OCC(O)c4ccc(F)c(F)c4)n23)cc1,N#Cc1ccc(-c2nnc3cncc(OCC(O)c4ccc(F)c(F)c4)n23)cc1,3.0,0.0,1
CID208,O=C(Nc1ccnc(C(F)(F)F)c1)c1cncc2nnc(-c3ccc(OC(F)F)cc3)n12,O=C(Nc1ccnc(C(F)(F)F)c1)c1cncc2nnc(-c3ccc(OC(F)F)cc3)n12,0.0,2.0,4
CID209,FC(F)Oc1ccc(-c2nnc3cncc(OCC45CC(C(F)F)(C4)C5)n23)cc1,FC(F)Oc1ccc(-c2nnc3cncc(OCC45CC(C(F)F)(C4)C5)n23)cc1,1.0,4.0,0
CID210,OC12C3C4C5C3C1(CCOc1cncc3nnc(-c6ccc(OC(F)F)cc6)n13)C5C42,OC12C3C4C5C3C1(CCOc1cncc3nnc(-c6ccc(OC(F)F)cc6)n13)C5C42,0.0,4.0,0
CID211,FC(F)(F)c1ncc(OCCc2ccccc2)n2c(-c3ccncc3)nnc12,FC(F)(F)c1ncc(OCCc2ccccc2)n2c(-c3ccncc3)nnc12,3.0,1.0,3
CID212,O=C(NCc1ccccc1Cl)c1cncc2nnc(-c3ccc(OC(F)F)cc3)n12,O=C(NCc1ccccc1Cl)c1cncc2nnc(-c3ccc(OC(F)F)cc3)n12,0.0,3.0,4
CID213,FC(F)Oc1ccc(-c2nnc3c(SCCc4ccccc4)nccn23)cc1,FC(F)Oc1ccc(-c2nnc3c(SCCc4ccccc4)nccn23)cc1,2.0,1.0,3
CID214,CC(Oc1cncc2nnc(-c3ccc(OC(F)F)cc3)n12)c1ccc(Cl)c(Cl)c1,CC(Oc1cncc2nnc(-c3ccc(OC(F)F)cc3)n12)c1ccc(Cl)c(Cl)c1,1.0,3.0,0
CID215,O=C(Nc1ccccn1)c1cncc2nnc(-c3ccc(OC(F)F)cc3)n12,O=C(Nc1ccccn1)c1cncc2nnc(-c3ccc(OC(F)F)cc3)n12,2.0,1.0,4
CID216,CC(C)(C)OC(=O)N1CCN(CCOc2cncc3nnc(-c4ccc(OC(F)F)cc4)n23)CC1,CC(C)(C)OC(=O)N1CCN(CCOc2cncc3nnc(-c4ccc(OC(F)F)cc4)n23)CC1,4.0,3.0,0
CID217,Fc1ccc(CCOc2cncc3nnc(-c4cccc5[nH]ccc45)n23)cc1F,Fc1ccc(CCOc2cncc3nnc(-c4cccc5[nH]ccc45)n23)cc1F,2.0,2.0,2
CID218,O=C(NCc1ccc(F)c(F)c1)c1cncc2nnc(-c3ccc(OC(F)F)cc3)n12,O=C(NCc1ccc(F)c(F)c1)c1cncc2nnc(-c3ccc(OC(F)F)cc3)n12,1.0,3.0,4
CID219,FC(F)Oc1ccc(-c2nnc3cncc(OCc4cn(-c5ccccc5)nn4)n23)cc1,FC(F)Oc1ccc(-c2nnc3cncc(OCc4cn(-c5ccccc5)nn4)n23)cc1,1.0,3.0,0
CID220,FC(F)Oc1ccc(-c2nnc3cncc(OCCN4CCOCC4)n23)cc1,FC(F)Oc1ccc(-c2nnc3cncc(OCCN4CCOCC4)n23)cc1,0.0,4.0,0
CID221,FC(F)Oc1ccc(-c2nnc3n2C(CCCc2ccccc2)CNC3)cc1,FC(F)Oc1ccc(-c2nnc3n2C(CCCc2ccccc2)CNC3)cc1,3.0,1.0,0
CID222,O=c1[nH]cc(OCCc2ccc(F)c(F)c2)n2c(-c3ccc(OC(F)F)cc3)nnc12,O=c1[nH]cc(OCCc2ccc(F)c(F)c2)n2c(-c3ccc(OC(F)F)cc3)nnc12,4.0,2.0,1
CID223,Fc1ccc(N2CC(Oc3cncc4nnc(-c5ccc(OC(F)F)cc5)n34)C2)cc1F,Fc1ccc(N2CC(Oc3cncc4nnc(-c5ccc(OC(F)F)cc5)n34)C2)cc1F,3.0,3.0,1
CID224,COc1cc(OC)c(-c2nnc3cncc(OCCc4ccccc4)n23)c(OC)c1,COc1cc(OC)c(-c2nnc3cncc(OCCc4ccccc4)n23)c(OC)c1,4.0,0.0,2
CID225,OCC(O)(COc1cncc2nnc(-c3ccc(OC(F)F)cc3)n12)c1ccc(F)c(F)c1,OCC(O)(COc1cncc2nnc(-c3ccc(OC(F)F)cc3)n12)c1ccc(F)c(F)c1,1.0,0.0,1
CID226,FC(F)Oc1ccc(-c2nnc3cncc(OCCc4ccc(OCc5ccccc5)cc4)n23)cc1,FC(F)Oc1ccc(-c2nnc3cncc(OCCc4ccc(OCc5ccccc5)cc4)n23)cc1,4.0,4.0,0
CID227,CCN(CC)C(COc1cncc2nnc(-c3ccc(OC(F)F)cc3)n12)c1ccc(F)c(F)c1,CCN(CC)C(COc1cncc2nnc(-c3ccc(OC(F)F)cc3)n12)c1ccc(F)c(F)c1,0.0,0.0,1
CID228,c1ccc(CCOc2cncc3nnc(-c4ccc5c(c4)OCO5)n23)cc1,c1ccc(CCOc2cncc3nnc(-c4ccc5c(c4)OCO5)n23)cc1,2.0,1.0,2
CID229,O=C(COc1cncc2nnc(-c3ccc(OC(F)F)cc3)n12)c1ccc(F)c(F)c1,O=C(COc1cncc2nnc(-c3ccc(OC(F)F)cc3)n12)c1ccc(F)c(F)c1,1.0,2.0,1
CID230,IC12C(C3C1C4C52)C5C34C6=NN=C7C=NC=C(OCCC8=CC(F)=C(F)C=C8)N76,Fc1ccc(CCOc2cncc3nnc(C45C6C7C4C4C5C6C74I)n23)cc1F,0.0,2.0,2
CID231,Nc1cc(-c2nnc3cncc(OCCc4ccc(F)c(F)c4)n23)ccc1F,Nc1cc(-c2nnc3cncc(OCCc4ccc(F)c(F)c4)n23)ccc1F,2.0,0.0,2
CID232,COc1cccc(CCOc2cncc3nnc(-c4ccc(OC(F)F)cc4)n23)c1,COc1cccc(CCOc2cncc3nnc(-c4ccc(OC(F)F)cc4)n23)c1,1.0,0.0,0
CID233,O=C(c1cncc2nnc(-c3ccc(OC(F)F)cc3)n12)N1CCOCC1,O=C(c1cncc2nnc(-c3ccc(OC(F)F)cc3)n12)N1CCOCC1,0.0,3.0,4
CID234,Fc1ccc(CCOc2cncc3nnc(N4CCC(C(F)(F)F)CC4)n23)cc1F,Fc1ccc(CCOc2cncc3nnc(N4CCC(C(F)(F)F)CC4)n23)cc1F,4.0,2.0,2
CID235,Fc1ccc(CCOc2cncc3nnc(N4CCC(F)(F)CC4)n23)cc1F,Fc1ccc(CCOc2cncc3nnc(N4CCC(F)(F)CC4)n23)cc1F,3.0,2.0,2
CID236,COc1ccc(-c2nnc3cncc(SCCc4ccccc4)n23)cc1,COc1ccc(-c2nnc3cncc(SCCc4ccccc4)n23)cc1,4.0,4.0,0
CID237,Fc1cc2ccc(Oc3cncc4nnc(-c5ccc(OC(F)F)cc5)n34)cc2cc1F,Fc1cc2ccc(Oc3cncc4nnc(-c5ccc(OC(F)F)cc5)n34)cc2cc1F,3.0,4.0,0
CID238,CN(C)C(=O)c1ccc(-c2nnc3cncc(OCCc4ccc(F)c(F)c4)n23)cc1,CN(C)C(=O)c1ccc(-c2nnc3cncc(OCCc4ccc(F)c(F)c4)n23)cc1,1.0,0.0,2
CID239,OC(COc1cncc2nnc(C3CCCNC3)n12)c1ccccc1,OC(COc1cncc2nnc(C3CCCNC3)n12)c1ccccc1,1.0,1.0,2
CID240,COc1ccc(-c2nnc3c(OCCc4ccccc4)nccn23)cc1,COc1ccc(-c2nnc3c(OCCc4ccccc4)nccn23)cc1,3.0,4.0,3
CID241,COc1ccc(-c2nnc(-c3nccn3CCc3ccccc3)[nH]2)cc1,COc1ccc(-c2nnc(-c3nccn3CCc3ccccc3)[nH]2)cc1,1.0,4.0,3
CID242,Fc1ccc(CCOc2cncc3nnc(Oc4ccc(Cl)cc4)n23)cc1F,Fc1ccc(CCOc2cncc3nnc(Oc4ccc(Cl)cc4)n23)cc1F,2.0,1.0,2
CID243,FC(F)Oc1ccc(-c2nnc3cncc(Oc4ccc5ccsc5c4)n23)cc1,FC(F)Oc1ccc(-c2nnc3cncc(Oc4ccc5ccsc5c4)n23)cc1,3.0,2.0,0
CID244,COc1ccc(CCOc2cncc3nnc(-c4ccc(OC(F)F)cc4)n23)cc1,COc1ccc(CCOc2cncc3nnc(-c4ccc(OC(F)F)cc4)n23)cc1,0.0,0.0,0
CID245,Fc1ccc(CCOc2cncc3nnc(-n4ccnc4)n23)cc1F,Fc1ccc(CCOc2cncc3nnc(-n4ccnc4)n23)cc1F,0.0,3.0,2
CID246,CC1(C)C2CC=C(CCOc3cncc4nnc(-c5ccc(OC(F)F)cc5)n34)C1C2,CC1(C)C2CC=C(CCOc3cncc4nnc(-c5ccc(OC(F)F)cc5)n34)C1C2,3.0,2.0,0
CID247,OCCc1cncc2nnc(-c3ccc(OC(F)F)cc3)n12,OCCc1cncc2nnc(-c3ccc(OC(F)F)cc3)n12,0.0,2.0,0
CID248,COc1cccc(C(CO)COc2cncc3nnc(-c4ccc(OC(F)F)cc4)n23)c1,COc1cccc(C(CO)COc2cncc3nnc(-c4ccc(OC(F)F)cc4)n23)c1,4.0,0.0,0
CID249,COC(COc1cncc2nnc(-c3ccc(OC(F)F)cc3)n12)(OC)c1ccc(F)c(F)c1,COC(COc1cncc2nnc(-c3ccc(OC(F)F)cc3)n12)(OC)c1ccc(F)c(F)c1,3.0,0.0,1
CID250,Clc1ccccc1CCOc1cncc2nnc(-c3ccncc3)n12,Clc1ccccc1CCOc1cncc2nnc(-c3ccncc3)n12,0.0,1.0,2
CID251,OCC(COc1cncc2nnc(-c3ccc(OC(F)F)cc3)n12)c1cccc(OCc2ccccc2)c1,OCC(COc1cncc2nnc(-c3ccc(OC(F)F)cc3)n12)c1cccc(OCc2ccccc2)c1,3.0,1.0,0
CID252,Fc1ccc(CCOc2cncc(Nc3nnc(-c4ccccc4)s3)n2)cc1,Fc1ccc(CCOc2cncc(Nc3nnc(-c4ccccc4)s3)n2)cc1,0.0,4.0,3
CID253,CC1(C)C2CC=C(CCOc3cncc4nnc(-c5ccc(Cl)cc5)n34)C1C2,CC1(C)C2CC=C(CCOc3cncc4nnc(-c5ccc(Cl)cc5)n34)C1C2,1.0,2.0,2
CID254,Fc1ccc(C(COc2cncc3nnc(-c4ccc(OC(F)F)cc4)n23)N2CCOCC2)cc1F,Fc1ccc(C(COc2cncc3nnc(-c4ccc(OC(F)F)cc4)n23)N2CCOCC2)cc1F,3.0,2.0,1
CID255,Clc1cccc(-c2nnc3cncc(OCCc4ccccc4)n23)c1,Clc1cccc(-c2nnc3cncc(OCCc4ccccc4)n23)c1,2.0,0.0,2
CID256,NC(=O)c1ccc(-c2nnc3cncc(OCCc4ccc(F)c(F)c4)n23)cc1,NC(=O)c1ccc(-c2nnc3cncc(OCCc4ccc(F)c(F)c4)n23)cc1,0.0,0.0,2
CID257,CC1(C)OCC(COc2cncc3nnc(-c4ccc(OC(F)F)cc4)n23)(c2ccc(F)c(F)c2)O1,CC1(C)OCC(COc2cncc3nnc(-c4ccc(OC(F)F)cc4)n23)(c2ccc(F)c(F)c2)O1,1.0,2.0,1
CID258,OCCc1cn(-c2nccn3c(-c4ccc(OC(F)F)cc4)nnc23)c2ccccc12,OCCc1cn(-c2nccn3c(-c4ccc(OC(F)F)cc4)nnc23)c2ccccc12,2.0,1.0,3
CID259,c1ccc(COc2cncc3nnc(-c4ccc5ccccc5c4)n23)nc1,c1ccc(COc2cncc3nnc(-c4ccc5ccccc5c4)n23)nc1,4.0,2.0,2
CID260,Fc1ccc(CCOc2cncc3nnc(N4Cc5ccccc5C4)n23)cc1F,Fc1ccc(CCOc2cncc3nnc(N4Cc5ccccc5C4)n23)cc1F,2.0,3.0,2
CID261,O=C(Nc1cccc(Cl)c1)c1cncc2nnc(-c3ccc(OC(F)F)cc3)n12,O=C(Nc1cccc(Cl)c1)c1cncc2nnc(-c3ccc(OC(F)F)cc3)n12,3.0,1.0,4
CID262,FC(F)Oc1ccc(-c2nnc3cncc(OCc4cn(-c5cncc(Cl)n5)nn4)n23)cc1,FC(F)Oc1ccc(-c2nnc3cncc(OCc4cn(-c5cncc(Cl)n5)nn4)n23)cc1,0.0,4.0,0
CID263,OCCC1CNCc2nnc(-c3ccc(OC(F)F)cc3)n21,OCCC1CNCc2nnc(-c3ccc(OC(F)F)cc3)n21,4.0,3.0,0
CID264,CC(COc1cncc2nnc(-c3ccc(OC(F)F)cc3)n12)c1ccccc1,CC(COc1cncc2nnc(-c3ccc(OC(F)F)cc3)n12)c1ccccc1,4.0,0.0,0
CID265,IC12C3C4C5(C3C1C5C24)C6=NN=C7C=NC=C(C(NC8=CC(C(F)(F)F)=NC=C8)=O)N76,O=C(Nc1ccnc(C(F)(F)F)c1)c1cncc2nnc(C34C5C6C3C3C4C5C63I)n12,0.0,1.0,4
CID266,c1ccc(CCOc2nccn3c(-c4ccccc4)nnc23)cc1,c1ccc(CCOc2nccn3c(-c4ccccc4)nnc23)cc1,1.0,4.0,3
CID267,OCC(COc1cncc2nnc(-c3ccc(OC(F)F)cc3)n12)(COc1cncc2nnc(-c3ccc(OC(F)F)cc3)n12)c1ccccc1,OCC(COc1cncc2nnc(-c3ccc(OC(F)F)cc3)n12)(COc1cncc2nnc(-c3ccc(OC(F)F)cc3)n12)c1ccccc1,3.0,2.0,0
CID268,FC(F)Oc1ccc(-c2nnc3cncc(N4CC(c5ccccc5)C4)n23)cc1,FC(F)Oc1ccc(-c2nnc3cncc(N4CC(c5ccccc5)C4)n23)cc1,0.0,3.0,0
CID269,FC(F)Oc1ccc(-c2nnc3cncc(OCC(c4ccccc4)N4CCOCC4)n23)cc1,FC(F)Oc1ccc(-c2nnc3cncc(OCC(c4ccccc4)N4CCOCC4)n23)cc1,3.0,2.0,0
CID270,Cc1c(Cl)cccc1NC(=O)c1cncc2nnc(-c3ccc(OC(F)F)cc3)n12,Cc1c(Cl)cccc1NC(=O)c1cncc2nnc(-c3ccc(OC(F)F)cc3)n12,2.0,1.0,4
CID271,CS(=O)(=O)N1CCN(C(=O)c2cncc3nnc(-c4ccc(OC(F)F)cc4)n23)CC1,CS(=O)(=O)N1CCN(C(=O)c2cncc3nnc(-c4ccc(OC(F)F)cc4)n23)CC1,4.0,4.0,4
CID272,OCC(CO)(COc1cncc2nnc(-c3ccc(OC(F)F)cc3)n12)c1ccccc1,OCC(CO)(COc1cncc2nnc(-c3ccc(OC(F)F)cc3)n12)c1ccccc1,1.0,0.0,0
CID273,FC(F)Oc1ccc(-c2nnc3cncc(OCCN4CCCC4)n23)cc1,FC(F)Oc1ccc(-c2nnc3cncc(OCCN4CCCC4)n23)cc1,0.0,1.0,0
CID274,FC(F)Oc1ccc(-c2nnc3cncc(OCCC45CC(C4)C5)n23)cc1,FC(F)Oc1ccc(-c2nnc3cncc(OCCC45CC(C4)C5)n23)cc1,3.0,2.0,0
CID275,c1ccc(CCOc2nccn3c(-c4ccc5c(c4)CCO5)nnc23)cc1,c1ccc(CCOc2nccn3c(-c4ccc5c(c4)CCO5)nnc23)cc1,4.0,3.0,3
CID276,OCC(COc1nccn2c(-c3ccc(OC(F)F)cc3)nnc12)c1cc(F)c(F)cc1F,OCC(COc1nccn2c(-c3ccc(OC(F)F)cc3)nnc12)c1cc(F)c(F)cc1F,0.0,4.0,3
CID277,Cn1ccc2ccc(-c3nnc4cncc(OCCc5ccc(F)c(F)c5)n34)cc21,Cn1ccc2ccc(-c3nnc4cncc(OCCc5ccc(F)c(F)c5)n34)cc21,2.0,3.0,2
CID278,COc1cc(-c2nnc3c(OCCc4ccccc4)nccn23)cc(OC)c1OC,COc1cc(-c2nnc3c(OCCc4ccccc4)nccn23)cc(OC)c1OC,3.0,4.0,3
CID279,CCc1nnc2cncc(OCC(O)c3ccccc3)n12,CCc1nnc2cncc(OCC(O)c3ccccc3)n12,4.0,1.0,2
CID280,FC(F)Oc1ccc(-c2nnc3cncc(Oc4ccc5c(c4)CCCC5)n23)cc1,FC(F)Oc1ccc(-c2nnc3cncc(Oc4ccc5c(c4)CCCC5)n23)cc1,4.0,4.0,0
CID281,O=[N+]([O-])c1ccc(-c2nnc3c(SCCc4ccccc4)nccn23)cc1,O=[N+]([O-])c1ccc(-c2nnc3c(SCCc4ccccc4)nccn23)cc1,1.0,1.0,3
CID282,c1ccc(CCOc2nccn3c(-c4c5ccccc5cc5ccccc45)nnc23)cc1,c1ccc(CCOc2nccn3c(-c4c5ccccc5cc5ccccc45)nnc23)cc1,0.0,1.0,3
CID283,O=C(NCc1cncc2nnc(-c3ccc(OC(F)F)cc3)n12)c1cccc(Cl)c1,O=C(NCc1cncc2nnc(-c3ccc(OC(F)F)cc3)n12)c1cccc(Cl)c1,3.0,2.0,4
CID284,FC(F)Oc1ccc(-c2nnc3c(NCCc4ccccc4)nccn23)cc1,FC(F)Oc1ccc(-c2nnc3c(NCCc4ccccc4)nccn23)cc1,1.0,2.0,3
CID285,COc1ccc(-c2nnc3cncc(C(=O)Nc4cc(Cl)ccc4C)n23)cc1,COc1ccc(-c2nnc3cncc(C(=O)Nc4cc(Cl)ccc4C)n23)cc1,4.0,1.0,4
CID286,Clc1ccc(-c2nnc3cncc(OCCc4ccccc4)n23)c(Cl)c1,Clc1ccc(-c2nnc3cncc(OCCc4ccccc4)n23)c(Cl)c1,2.0,0.0,2
CID287,CC(O)COc1cncc2nnc(-c3ccc(OC(F)F)cc3)n12,CC(O)COc1cncc2nnc(-c3ccc(OC(F)F)cc3)n12,1.0,2.0,0
CID288,OCC(COc1cncc2nnc(-c3ccc(OC(F)F)cc3)n12)c1ccc(O)cc1,OCC(COc1cncc2nnc(-c3ccc(OC(F)F)cc3)n12)c1ccc(O)cc1,4.0,0.0,0
CID289,Fc1ccc(CCOc2cncc3nnc(-c4ccc(N5CCOCC5)cc4)n23)cc1F,Fc1ccc(CCOc2cncc3nnc(-c4ccc(N5CCOCC5)cc4)n23)cc1F,1.0,3.0,2
CID290,Fc1ccc(Cc2nccn2-c2cncc3nnc(-c4ccc(OC(F)F)cc4)n23)cc1F,Fc1ccc(Cc2nccn2-c2cncc3nnc(-c4ccc(OC(F)F)cc4)n23)cc1F,1.0,4.0,1
CID291,Cn1cc2ccc(Oc3cncc4nnc(-c5ccc(OC(F)F)cc5)n34)cc2n1,Cn1cc2ccc(Oc3cncc4nnc(-c5ccc(OC(F)F)cc5)n34)cc2n1,2.0,1.0,0
CID292,O=C(NCc1ccc(Cl)cc1)c1cncc2nnc(-c3ccc(OC(F)F)cc3)n12,O=C(NCc1ccc(Cl)cc1)c1cncc2nnc(-c3ccc(OC(F)F)cc3)n12,4.0,3.0,4
CID293,c1ccc(CCOc2cncc3nnc(-c4c5ccccc5cc5ccccc45)n23)cc1,c1ccc(CCOc2cncc3nnc(-c4c5ccccc5cc5ccccc45)n23)cc1,3.0,2.0,2
CID294,FC(F)Oc1ccc(-c2nnc3cncc(OCC(F)(F)F)n23)cc1,FC(F)Oc1ccc(-c2nnc3cncc(OCC(F)(F)F)n23)cc1,3.0,2.0,0
CID295,Fc1ccc(CCOc2cncc3nnc(-c4ccc(N5CCCCC5)cc4)n23)cc1F,Fc1ccc(CCOc2cncc3nnc(-c4ccc(N5CCCCC5)cc4)n23)cc1F,1.0,3.0,2
CID296,O=C(c1cncc2nnc(-c3ccc(OC(F)F)cc3)n12)N1CCCC1,O=C(c1cncc2nnc(-c3ccc(OC(F)F)cc3)n12)N1CCCC1,0.0,4.0,4
CID297,Clc1ccc(-c2nnc3cncc(OCCc4ccccc4)n23)cc1Cl,Clc1ccc(-c2nnc3cncc(OCCc4ccccc4)n23)cc1Cl,4.0,0.0,2
CID298,O=C(NCc1cccc(Cl)c1)c1cncc2nnc(-c3ccc(OC(F)F)cc3)n12,O=C(NCc1cccc(Cl)c1)c1cncc2nnc(-c3ccc(OC(F)F)cc3)n12,0.0,3.0,4
CID299,Nc1cccc(CCOc2cncc3nnc(-c4ccc(Cl)cc4)n23)c1,Nc1cccc(CCOc2cncc3nnc(-c4ccc(Cl)cc4)n23)c1,2.0,0.0,2
CID300,OC(COc1cncc2nnc(-c3ccc(OC(F)F)cc3)n12)c1ccccc1,OC(COc1cncc2nnc(-c3ccc(OC(F)F)cc3)n12)c1ccccc1,0.0,0.0,0
CID301,FC(F)Oc1ccc(-c2nnc3c(N4CCOCC4)nccn23)cc1,FC(F)Oc1ccc(-c2nnc3c(N4CCOCC4)nccn23)cc1,2.0,1.0,3
CID302,O=C(Nc1ccc(Cl)cc1)c1cncc2nnc(-c3ccc(OC(F)F)cc3)n12,O=C(Nc1ccc(Cl)cc1)c1cncc2nnc(-c3ccc(OC(F)F)cc3)n12,1.0,1.0,4
CID303,CC1=CC(C)(C)Oc2cc(Oc3cncc4nnc(-c5ccc(OC(F)F)cc5)n34)ccc21,CC1=CC(C)(C)Oc2cc(Oc3cncc4nnc(-c5ccc(OC(F)F)cc5)n34)ccc21,3.0,2.0,0
CID304,c1ccc(CCOc2cncc3nnc(-c4ccc5ccccc5c4)n23)cc1,c1ccc(CCOc2cncc3nnc(-c4ccc5ccccc5c4)n23)cc1,0.0,3.0,2
CID305,OCC(COc1cncc2nnc(-c3ccc4cc[nH]c4c3)n12)c1ccccc1,OCC(COc1cncc2nnc(-c3ccc4cc[nH]c4c3)n12)c1ccccc1,1.0,3.0,2
CID306,O=C(c1cncc2nnc(-c3ccc(OC(F)F)cc3)n12)N1CCc2cc(F)ccc21,O=C(c1cncc2nnc(-c3ccc(OC(F)F)cc3)n12)N1CCc2cc(F)ccc21,1.0,4.0,4
CID307,COC(COc1cncc2nnc(-c3ccc(C#N)cc3)n12)c1ccccc1,COC(COc1cncc2nnc(-c3ccc(C#N)cc3)n12)c1ccccc1,3.0,0.0,0
CID308,Oc1nnc2c(N3CCCCC3)nccn12,Oc1nnc2c(N3CCCCC3)nccn12,3.0,1.0,3
CID309,O=C(Nc1cccc(Cl)c1)c1cncc2nnc(-c3ccc(OC(F)(F)F)cc3)n12,O=C(Nc1cccc(Cl)c1)c1cncc2nnc(-c3ccc(OC(F)(F)F)cc3)n12,2.0,1.0,4
CID310,FC(F)Oc1ccc(-c2nnc3cncc(Oc4cccc(Cl)c4)n23)cc1,FC(F)Oc1ccc(-c2nnc3cncc(Oc4cccc(Cl)c4)n23)cc1,1.0,4.0,0
CID311,CNc1ccc(C(CO)COc2cncc3nnc(-c4ccc(OC(F)F)cc4)n23)cc1,CNc1ccc(C(CO)COc2cncc3nnc(-c4ccc(OC(F)F)cc4)n23)cc1,4.0,0.0,0
CID312,FC(F)Oc1ccc(-c2nnc3cncc(CCN4CCOCC4)n23)cc1,FC(F)Oc1ccc(-c2nnc3cncc(CCN4CCOCC4)n23)cc1,1.0,2.0,0
CID313,N#Cc1ccc(-c2nnc3cncc(OCC(OC(F)F)c4ccc(F)c(F)c4)n23)cc1,N#Cc1ccc(-c2nnc3cncc(OCC(OC(F)F)c4ccc(F)c(F)c4)n23)cc1,1.0,0.0,1
CID314,OC(COc1cncc2nnc(-c3ccccc3)n12)c1ccccc1,OC(COc1cncc2nnc(-c3ccccc3)n12)c1ccccc1,1.0,0.0,2
CID315,Fc1ccc2c(c1)CCN2c1nnc2cncc(OCCc3ccc(F)c(F)c3)n12,Fc1ccc2c(c1)CCN2c1nnc2cncc(OCCc3ccc(F)c(F)c3)n12,3.0,3.0,2
CID316,Clc1ccc(-c2nnc3cncc(OCC4CC5C=CC4C5)n23)cc1,Clc1ccc(-c2nnc3cncc(OCC4CC5C=CC4C5)n23)cc1,1.0,3.0,2
CID317,OCC(Nc1cncc2nnc(-c3ccc(OC(F)F)cc3)n12)c1ccc(F)c(F)c1,OCC(Nc1cncc2nnc(-c3ccc(OC(F)F)cc3)n12)c1ccc(F)c(F)c1,3.0,4.0,1
CID318,O=C(Nc1ccc(F)cc1Cl)c1cncc2nnc(-c3ccc(OC(F)F)cc3)n12,O=C(Nc1ccc(F)cc1Cl)c1cncc2nnc(-c3ccc(OC(F)F)cc3)n12,3.0,1.0,4
CID319,O=C(O)c1cccc(-c2nnc3cncc(OCCc4ccc(F)c(F)c4)n23)c1,O=C(O)c1cccc(-c2nnc3cncc(OCCc4ccc(F)c(F)c4)n23)c1,2.0,0.0,2
CID320,FC(F)Oc1ccc(-c2nnc3c(SCc4ccccc4)nccn23)cc1,FC(F)Oc1ccc(-c2nnc3c(SCc4ccccc4)nccn23)cc1,0.0,4.0,3
CID321,FC(F)Oc1ccc(-c2nnc3cncc(OCCCC45C6C7C8C6C4C8C75)n23)cc1,FC(F)Oc1ccc(-c2nnc3cncc(OCCCC45C6C7C8C6C4C8C75)n23)cc1,2.0,1.0,0
CID322,Clc1ccc(-c2nnc3cncc(OCC45CC6CC(CC(C6)C4)C5)n23)c(Cl)c1,Clc1ccc(-c2nnc3cncc(OCC45CC6CC(CC(C6)C4)C5)n23)c(Cl)c1,4.0,2.0,2
CID323,NC(=O)c1cccc(-c2nnc3cncc(OCCc4ccc(F)c(F)c4)n23)c1,NC(=O)c1cccc(-c2nnc3cncc(OCCc4ccc(F)c(F)c4)n23)c1,4.0,0.0,2
CID324,Cc1ncc(OCCc2ccc(F)c(F)c2)n2c(-c3ccc(OC(F)F)cc3)nnc12,Cc1ncc(OCCc2ccc(F)c(F)c2)n2c(-c3ccc(OC(F)F)cc3)nnc12,3.0,0.0,1
CID325,O=[N+]([O-])c1ccc(-c2nnc3cncc(OCCc4ccc(F)c(F)c4)n23)cc1,O=[N+]([O-])c1ccc(-c2nnc3cncc(OCCc4ccc(F)c(F)c4)n23)cc1,4.0,0.0,2
CID326,O=C(Nc1cc[n+]([O-])c(C(F)(F)F)c1)c1cncc2nnc(-c3ccc(OC(F)F)cc3)n12,O=C(Nc1cc[n+]([O-])c(C(F)(F)F)c1)c1cncc2nnc(-c3ccc(OC(F)F)cc3)n12,0.0,2.0,4
CID327,O=S(=O)(CCc1ccccc1)c1cncc2nnc(-c3ccc(OC(F)F)cc3)n12,O=S(=O)(CCc1ccccc1)c1cncc2nnc(-c3ccc(OC(F)F)cc3)n12,1.0,3.0,0
CID328,FC(F)Oc1ccc(-c2nnc3cncc(OCCN4CCNCC4)n23)cc1,FC(F)Oc1ccc(-c2nnc3cncc(OCCN4CCNCC4)n23)cc1,2.0,3.0,0
CID329,Fc1ccc(CCOc2cncc3nnc(-c4ccc(Cl)cc4)n23)cc1F,Fc1ccc(CCOc2cncc3nnc(-c4ccc(Cl)cc4)n23)cc1F,2.0,0.0,2
CID330,FC(F)Oc1ccc(-c2nnc3cncc(Oc4ccc5ccc(C(F)(F)F)nc5c4)n23)cc1,FC(F)Oc1ccc(-c2nnc3cncc(Oc4ccc5ccc(C(F)(F)F)nc5c4)n23)cc1,4.0,3.0,0
CID331,FC(F)Oc1ccc(-c2nnc3cncc(NCc4ccccc4)n23)cc1,FC(F)Oc1ccc(-c2nnc3cncc(NCc4ccccc4)n23)cc1,0.0,4.0,0
CID332,OCC(COc1cncc2nnc(-c3ccc(OC(F)F)cc3)n12)c1ccc(F)c(F)c1,OCC(COc1cncc2nnc(-c3ccc(OC(F)F)cc3)n12)c1ccc(F)c(F)c1,3.0,0.0,1
CID333,CN(C)c1ccc(-c2nnc3cncc(OCCc4ccc(F)c(F)c4)n23)cc1,CN(C)c1ccc(-c2nnc3cncc(OCCc4ccc(F)c(F)c4)n23)cc1,4.0,0.0,2
CID334,Fc1ccc(COCc2cncc3nnc(-c4ccc(OC(F)F)cc4)n23)cc1F,Fc1ccc(COCc2cncc3nnc(-c4ccc(OC(F)F)cc4)n23)cc1F,0.0,4.0,1
CID335,[O-][n+]1cc(OCCc2ccc(F)c(F)c2)n2c(-c3ccc(OC(F)F)cc3)nnc2c1,[O-][n+]1cc(OCCc2ccc(F)c(F)c2)n2c(-c3ccc(OC(F)F)cc3)nnc2c1,3.0,1.0,1
CID336,Fc1ccc(CCCc2cncc3nnc(-c4ccc(OC(F)F)cc4)n23)cc1F,Fc1ccc(CCCc2cncc3nnc(-c4ccc(OC(F)F)cc4)n23)cc1F,3.0,4.0,1
CID337,Fc1ccc(COc2cncc3nnc(-c4ccc(Cl)cc4)n23)cc1F,Fc1ccc(COc2cncc3nnc(-c4ccc(Cl)cc4)n23)cc1F,0.0,3.0,2
CID338,COc1cccc(OC)c1-c1nnc2c(O)nccn12,COc1cccc(OC)c1-c1nnc2c(O)nccn12,3.0,2.0,3
CID339,ON=C(COc1cncc2nnc(-c3ccc(OC(F)F)cc3)n12)c1ccccc1,ON=C(COc1cncc2nnc(-c3ccc(OC(F)F)cc3)n12)c1ccccc1,1.0,2.0,0
CID340,NCC(=O)N1CCn2c(nnc2-c2ccc(OC(F)F)cc2)C1,NCC(=O)N1CCn2c(nnc2-c2ccc(OC(F)F)cc2)C1,3.0,3.0,0
CID341,N#Cc1ccc(-c2nnc3cncc(OCCc4ccc(F)cc4)n23)cc1,N#Cc1ccc(-c2nnc3cncc(OCCc4ccc(F)cc4)n23)cc1,2.0,0.0,2
CID342,Fc1ccc(CCOc2cncc3nnc(-c4ccc(Cl)cc4)n23)cc1,Fc1ccc(CCOc2cncc3nnc(-c4ccc(Cl)cc4)n23)cc1,2.0,0.0,2
CID343,CC(C)(C)c1cc(-c2nnc3cncc(OCCc4ccccc4)n23)cc(C(C)(C)C)c1,CC(C)(C)c1cc(-c2nnc3cncc(OCCc4ccccc4)n23)cc(C(C)(C)C)c1,2.0,0.0,2
CID344,FC(F)Oc1ccc(-c2nnc3cncc(Oc4ccc(Cl)c(Cl)c4)n23)cc1,FC(F)Oc1ccc(-c2nnc3cncc(Oc4ccc(Cl)c(Cl)c4)n23)cc1,1.0,4.0,0
CID345,O=[N+]([O-])c1ccccc1-c1nnc2cncc(OCCc3ccccc3)n12,O=[N+]([O-])c1ccccc1-c1nnc2cncc(OCCc3ccccc3)n12,3.0,0.0,2
CID346,CN1CCN(C(=O)c2ccc(-c3nnc4cncc(OCCc5ccc(F)c(F)c5)n34)cc2)CC1,CN1CCN(C(=O)c2ccc(-c3nnc4cncc(OCCc5ccc(F)c(F)c5)n34)cc2)CC1,1.0,3.0,2
CID347,CC(Oc1cncc2nnc(-c3ccc(OC(F)F)cc3)n12)c1ccc(F)c(F)c1,CC(Oc1cncc2nnc(-c3ccc(OC(F)F)cc3)n12)c1ccc(F)c(F)c1,4.0,3.0,1
CID348,COc1ccccc1-c1nnc2cncc(OCCc3ccccc3)n12,COc1ccccc1-c1nnc2cncc(OCCc3ccccc3)n12,3.0,0.0,2
CID349,FC(F)Oc1ccc(-c2nnc3cncc(Oc4ccccc4)n23)cc1,FC(F)Oc1ccc(-c2nnc3cncc(Oc4ccccc4)n23)cc1,2.0,4.0,0
CID350,Cc1ccc(Cl)cc1NC(=O)c1cncc2nnc(-c3ccc(OC(F)F)cc3)n12,Cc1ccc(Cl)cc1NC(=O)c1cncc2nnc(-c3ccc(OC(F)F)cc3)n12,1.0,1.0,4
CID351,Fc1ccc(CNc2cn3c(-c4ccc(OC(F)F)cc4)nnc3cn2)cc1F,Fc1ccc(CNc2cn3c(-c4ccc(OC(F)F)cc4)nnc3cn2)cc1F,2.0,4.0,1
CID352,FC(F)Oc1ccc(-c2nnc3cncc(OCCC45C6C7C8C6C4C8C75)n23)cc1,FC(F)Oc1ccc(-c2nnc3cncc(OCCC45C6C7C8C6C4C8C75)n23)cc1,1.0,4.0,0
CID353,O=C(Nc1cccc(Cl)c1F)c1cncc2nnc(-c3ccc(OC(F)F)cc3)n12,O=C(Nc1cccc(Cl)c1F)c1cncc2nnc(-c3ccc(OC(F)F)cc3)n12,2.0,1.0,4
CID354,Fc1ccc(CCOc2cncc3nnc(-n4cccn4)n23)cc1F,Fc1ccc(CCOc2cncc3nnc(-n4cccn4)n23)cc1F,4.0,1.0,2
CID355,Oc1ncc(OCCc2ccccc2)n2c(-c3ccc(OC(F)F)cc3)nnc12,Oc1ncc(OCCc2ccccc2)n2c(-c3ccc(OC(F)F)cc3)nnc12,1.0,0.0,0
CID356,FC(F)Oc1ccc(-c2nnc3cncc(OCCC4CC4)n23)cc1,FC(F)Oc1ccc(-c2nnc3cncc(OCCC4CC4)n23)cc1,3.0,2.0,0
CID357,FC(F)Oc1ccc(-c2nnc3cncc(OCc4cn(Cc5ccccc5)nn4)n23)cc1,FC(F)Oc1ccc(-c2nnc3cncc(OCc4cn(Cc5ccccc5)nn4)n23)cc1,4.0,3.0,0
CID358,c1ccc(CCOc2cncc3nnc(-c4ccc5c(c4)CCO5)n23)cc1,c1ccc(CCOc2cncc3nnc(-c4ccc5c(c4)CCO5)n23)cc1,4.0,4.0,2
CID359,FC(F)Oc1ccc(-c2nnc3cncc(OCC4CC5C=CC4C5)n23)cc1,FC(F)Oc1ccc(-c2nnc3cncc(OCC4CC5C=CC4C5)n23)cc1,4.0,3.0,0
CID360,CNC(COc1cncc2nnc(-c3ccc(OC(F)F)cc3)n12)c1ccccc1,CNC(COc1cncc2nnc(-c3ccc(OC(F)F)cc3)n12)c1ccccc1,2.0,0.0,0
CID361,O=S(CCc1ccccc1)c1cncc2nnc(-c3ccc(OC(F)F)cc3)n12,[O-][S+](CCc1ccccc1)c1cncc2nnc(-c3ccc(OC(F)F)cc3)n12,2.0,1.0,0
CID362,Fc1ccc(C2(COc3cncc4nnc(-c5ccc(OC(F)F)cc5)n34)OCCO2)cc1F,Fc1ccc(C2(COc3cncc4nnc(-c5ccc(OC(F)F)cc5)n34)OCCO2)cc1F,0.0,2.0,1
CID363,FC(F)Oc1ccc(-c2nnc3cncc(OCc4cccc5ccccc45)n23)cc1,FC(F)Oc1ccc(-c2nnc3cncc(OCc4cccc5ccccc45)n23)cc1,3.0,3.0,0
CID364,FC(F)Oc1ccc(-c2nnc3c(NCc4ccccc4)nccn23)cc1,FC(F)Oc1ccc(-c2nnc3c(NCc4ccccc4)nccn23)cc1,2.0,4.0,3
CID365,CCN(CC)c1ncc(OCCc2ccc(F)c(F)c2)n2c(-c3ccc(OC(F)F)cc3)nnc12,CCN(CC)c1ncc(OCCc2ccc(F)c(F)c2)n2c(-c3ccc(OC(F)F)cc3)nnc12,0.0,0.0,1
CID366,OC(COc1cncc2nnc(-c3ccc(C(F)(F)F)nc3)n12)c1ccccc1,OC(COc1cncc2nnc(-c3ccc(C(F)(F)F)nc3)n12)c1ccccc1,2.0,2.0,0
CID367,Cn1ccc2cc(Oc3cncc4nnc(-c5ccc(OC(F)F)cc5)n34)ccc21,Cn1ccc2cc(Oc3cncc4nnc(-c5ccc(OC(F)F)cc5)n34)ccc21,4.0,1.0,0
CID368,O=C(c1ccc(-c2nnc3cncc(OCCc4ccc(F)c(F)c4)n23)cc1)N1CCOCC1,O=C(c1ccc(-c2nnc3cncc(OCCc4ccc(F)c(F)c4)n23)cc1)N1CCOCC1,4.0,2.0,2
CID369,COc1cc(-c2nnc3cncc(OCCc4ccccc4)n23)cc(OC)c1OC,COc1cc(-c2nnc3cncc(OCCc4ccccc4)n23)cc(OC)c1OC,2.0,0.0,2
CID370,CN(C)c1ccc(C2(COc3cncc4nnc(-c5ccc(OC(F)F)cc5)n34)COC(C)(C)O2)cc1,CN(C)c1ccc(C2(COc3cncc4nnc(-c5ccc(OC(F)F)cc5)n34)COC(C)(C)O2)cc1,0.0,2.0,0
CID371,c1ccc(CCOc2cncc3nnc(-c4ccncc4)n23)cc1,c1ccc(CCOc2cncc3nnc(-c4ccncc4)n23)cc1,1.0,1.0,2
CID372,Nc1ccc(C(CO)COc2cncc3nnc(-c4ccc(OC(F)F)cc4)n23)cc1,Nc1ccc(C(CO)COc2cncc3nnc(-c4ccc(OC(F)F)cc4)n23)cc1,1.0,0.0,0
CID373,FC(F)Oc1ccc(-c2nnc3cncc(OCCC45CC6CC(CC(C6)C4)C5)n23)cc1,FC(F)Oc1ccc(-c2nnc3cncc(OCCC45CC6CC(CC(C6)C4)C5)n23)cc1,2.0,3.0,0
